{
  "meta": {
    "mode": "gpipe",
    "num_requests": 10,
    "seed": 37,
    "batch_size": 1,
    "n_microbatches": 32,
    "store_hashes": false,
    "output_file": "./data/baselines/gpipe_4x8.json",
    "omp_num_threads": "8",
    "world_size": 4,
    "device": "cpu",
    "clock": "time.perf_counter (last rank)",
    "argv": [
      "/home/users/andrei/model-runner/tests/baseline.py",
      "gpipe",
      "-n",
      "10",
      "-b",
      "1",
      "-m",
      "32",
      "-o",
      "./data/baselines/gpipe_4x8.json"
    ]
  },
  "results": {
    "conv_next": {
      "batches": [
        {
          "seeds": [
            37,
            38,
            39,
            40,
            41,
            42,
            43,
            44,
            45,
            46
          ],
          "timing": {
            "start": 8387699.45629855,
            "end": 8387700.83320612
          }
        }
      ],
      "requests_per_second": 7.262651622949076
    },
    "conv_next_base": {
      "batches": [
        {
          "seeds": [
            37,
            38,
            39,
            40,
            41,
            42,
            43,
            44,
            45,
            46
          ],
          "timing": {
            "start": 8387706.286964585,
            "end": 8387708.131599014
          }
        }
      ],
      "requests_per_second": 5.421128351962574
    },
    "efficientnet_b6": {
      "batches": [
        {
          "seeds": [
            37,
            38,
            39,
            40,
            41,
            42,
            43,
            44,
            45,
            46
          ],
          "timing": {
            "start": 8387720.22309439,
            "end": 8387724.889879122
          }
        }
      ],
      "requests_per_second": 2.142802930278568
    },
    "regnet_x_16gf": {
      "batches": [
        {
          "seeds": [
            37,
            38,
            39,
            40,
            41,
            42,
            43,
            44,
            45,
            46
          ],
          "timing": {
            "start": 8387729.055692821,
            "end": 8387730.46002738
          }
        }
      ],
      "requests_per_second": 7.1208103048968105
    }
  }
}