{
  "meta": {
    "mode": "gpipe",
    "num_requests": 10,
    "seed": 37,
    "batch_size": 1,
    "n_microbatches": 32,
    "store_hashes": false,
    "output_file": "./data/run1/gpipe_baseline.json",
    "omp_num_threads": "8",
    "world_size": 4,
    "device": "cpu",
    "clock": "time.perf_counter (last rank)",
    "argv": [
      "/home/users/andrei/model-runner/tests/baseline.py",
      "gpipe",
      "-n",
      "10",
      "-b",
      "1",
      "-m",
      "32",
      "-o",
      "./data/run1/gpipe_baseline.json"
    ]
  },
  "results": {
    "conv_next": {
      "batches": [
        {
          "seeds": [
            37,
            38,
            39,
            40,
            41,
            42,
            43,
            44,
            45,
            46
          ],
          "timing": {
            "start": 8377704.904321982,
            "end": 8377706.242556216
          }
        }
      ],
      "requests_per_second": 7.472533388730414
    },
    "conv_next_base": {
      "batches": [
        {
          "seeds": [
            37,
            38,
            39,
            40,
            41,
            42,
            43,
            44,
            45,
            46
          ],
          "timing": {
            "start": 8377711.69410228,
            "end": 8377713.480520307
          }
        }
      ],
      "requests_per_second": 5.597793935960596
    },
    "efficientnet_b6": {
      "batches": [
        {
          "seeds": [
            37,
            38,
            39,
            40,
            41,
            42,
            43,
            44,
            45,
            46
          ],
          "timing": {
            "start": 8377724.589277411,
            "end": 8377729.006542086
          }
        }
      ],
      "requests_per_second": 2.2638444232402595
    },
    "regnet_x_16gf": {
      "batches": [
        {
          "seeds": [
            37,
            38,
            39,
            40,
            41,
            42,
            43,
            44,
            45,
            46
          ],
          "timing": {
            "start": 8377733.055341406,
            "end": 8377734.394430427
          }
        }
      ],
      "requests_per_second": 7.467763414179018
    }
  }
}