{
  "meta": {
    "mode": "gpipe",
    "num_requests": 10,
    "seed": 37,
    "batch_size": 1,
    "n_microbatches": 32,
    "store_hashes": false,
    "output_file": "./data/baselines/gpipe_1x32.json",
    "omp_num_threads": "32",
    "world_size": 1,
    "device": "cpu",
    "clock": "time.perf_counter (last rank)",
    "argv": [
      "/home/users/andrei/model-runner/tests/baseline.py",
      "gpipe",
      "-n",
      "10",
      "-b",
      "1",
      "-m",
      "32",
      "-o",
      "./data/baselines/gpipe_1x32.json"
    ]
  },
  "results": {
    "conv_next": {
      "batches": [
        {
          "seeds": [
            37,
            38,
            39,
            40,
            41,
            42,
            43,
            44,
            45,
            46
          ],
          "timing": {
            "start": 8387613.714364713,
            "end": 8387615.295424684
          }
        }
      ],
      "requests_per_second": 6.324870772834826
    },
    "conv_next_base": {
      "batches": [
        {
          "seeds": [
            37,
            38,
            39,
            40,
            41,
            42,
            43,
            44,
            45,
            46
          ],
          "timing": {
            "start": 8387619.396413563,
            "end": 8387621.247521453
          }
        }
      ],
      "requests_per_second": 5.402170265264282
    },
    "efficientnet_b6": {
      "batches": [
        {
          "seeds": [
            37,
            38,
            39,
            40,
            41,
            42,
            43,
            44,
            45,
            46
          ],
          "timing": {
            "start": 8387632.476637765,
            "end": 8387639.57339952
          }
        }
      ],
      "requests_per_second": 1.4090933788720752
    },
    "regnet_x_16gf": {
      "batches": [
        {
          "seeds": [
            37,
            38,
            39,
            40,
            41,
            42,
            43,
            44,
            45,
            46
          ],
          "timing": {
            "start": 8387643.016560562,
            "end": 8387645.006130245
          }
        }
      ],
      "requests_per_second": 5.0262124957551295
    }
  }
}