{
  "meta": {
    "mode": "simple",
    "num_requests": 10,
    "seed": 37,
    "batch_size": 1,
    "n_microbatches": 32,
    "store_hashes": false,
    "output_file": "./data/run1/sequential_baseline.json",
    "omp_num_threads": "1",
    "clock": "time.perf_counter",
    "argv": [
      "/home/users/andrei/model-runner/tests/baseline.py",
      "simple",
      "-n",
      "10",
      "-b",
      "1",
      "-m",
      "32",
      "-o",
      "./data/run1/sequential_baseline.json"
    ]
  },
  "results": {
    "conv_next": {
      "batches": [
        {
          "seeds": [
            37,
            38,
            39,
            40,
            41,
            42,
            43,
            44,
            45,
            46
          ],
          "timing": {
            "start": 8376381.580891894,
            "end": 8376382.873149167
          }
        }
      ],
      "requests_per_second": 7.738397153364952
    },
    "conv_next_base": {
      "batches": [
        {
          "seeds": [
            37,
            38,
            39,
            40,
            41,
            42,
            43,
            44,
            45,
            46
          ],
          "timing": {
            "start": 8376384.351045589,
            "end": 8376386.410913905
          }
        }
      ],
      "requests_per_second": 4.854679263484348
    },
    "efficientnet_b6": {
      "batches": [
        {
          "seeds": [
            37,
            38,
            39,
            40,
            41,
            42,
            43,
            44,
            45,
            46
          ],
          "timing": {
            "start": 8376387.425918112,
            "end": 8376397.58853666
          }
        }
      ],
      "requests_per_second": 0.9839983614625022
    },
    "regnet_x_16gf": {
      "batches": [
        {
          "seeds": [
            37,
            38,
            39,
            40,
            41,
            42,
            43,
            44,
            45,
            46
          ],
          "timing": {
            "start": 8376398.510557858,
            "end": 8376400.629787028
          }
        }
      ],
      "requests_per_second": 4.718696846771236
    }
  }
}