{
  "meta": {
    "mode": "simple",
    "num_requests": 10,
    "seed": 37,
    "batch_size": 1,
    "n_microbatches": 32,
    "store_hashes": false,
    "output_file": "./data/run1/tensor_parallel_baseline.json",
    "omp_num_threads": "32",
    "clock": "time.perf_counter",
    "argv": [
      "/home/users/andrei/model-runner/tests/baseline.py",
      "simple",
      "-n",
      "10",
      "-b",
      "1",
      "-m",
      "32",
      "-o",
      "./data/run1/tensor_parallel_baseline.json"
    ]
  },
  "results": {
    "conv_next": {
      "batches": [
        {
          "seeds": [
            37,
            38,
            39,
            40,
            41,
            42,
            43,
            44,
            45,
            46
          ],
          "timing": {
            "start": 8376403.782919036,
            "end": 8376403.951067593
          }
        }
      ],
      "requests_per_second": 59.471221132172516
    },
    "conv_next_base": {
      "batches": [
        {
          "seeds": [
            37,
            38,
            39,
            40,
            41,
            42,
            43,
            44,
            45,
            46
          ],
          "timing": {
            "start": 8376404.950151727,
            "end": 8376405.187327964
          }
        }
      ],
      "requests_per_second": 42.16273982594444
    },
    "efficientnet_b6": {
      "batches": [
        {
          "seeds": [
            37,
            38,
            39,
            40,
            41,
            42,
            43,
            44,
            45,
            46
          ],
          "timing": {
            "start": 8376405.89566464,
            "end": 8376409.679827103
          }
        }
      ],
      "requests_per_second": 2.642592673051624
    },
    "regnet_x_16gf": {
      "batches": [
        {
          "seeds": [
            37,
            38,
            39,
            40,
            41,
            42,
            43,
            44,
            45,
            46
          ],
          "timing": {
            "start": 8376410.310549405,
            "end": 8376410.698593052
          }
        }
      ],
      "requests_per_second": 25.770296937018426
    }
  }
}